{"Goddess": {"elbow-l": 90, "elbow-r": -87.27368900609373, "knee-l": 74.05460409907715, "knee-r": 62.10272896905237, "kneck-l": 63.43494882292201, "kneck-r": 56.309932474020215, "leg-l": 52.25319461272534, "leg-r": -49.76364169072618, "back": 0}, "Half Moon": {"elbow-l": 0, "elbow-r": 15.037815903582242, "knee-l": -13.30066214553753, "knee-r": 10.162083194000758, "kneck-l": 60.65168013073499, "kneck-r": -73.98941022747586, "leg-l": 6.620776082314977, "leg-r": -79.83791680599924, "back": 0.7493188328838571}, "Tree": {"elbow-l": 38.24748654569379, "elbow-r": -9.673355432403495, "knee-l": 33.52447324857696, "knee-r": 10.66034829453531, "kneck-l": 71.83404347077447, "kneck-r": 71.83404347077447, "leg-l": 39.82542125282, "leg-r": 14.036243467926468, "back": 7.125016348901795}, "Triangle": {"elbow-l": 0, "elbow-r": 0, "knee-l": 11.82784631788973, "knee-r": -7.271816160531724, "kneck-l": 84.17365797044422, "kneck-r": 84.17365797044422, "leg-l": -80.71600916784341, "leg-r": 68.47210396943811, "back": 5.708278624088941}, "Warrior2": {"elbow-l": -7.431407971172507, "elbow-r": 0.0, "knee-l": 66.80140948635182, "knee-r": -12.986919108892511, "kneck-l": 46.548157698977974, "kneck-r": 66.03751102542182, "leg-l": 36.660023934276474, "leg-r": -13.665125023942625, "back": 10.40771131249005}}